,SK_ID_CURR,First Name,Last Name,Address
0,100001,Kathleen,Smith,"969 Gentry Valleys Suite 422
Samueltown, AK 76605"
1,100005,Elizabeth,Rios,"41382 Johnson Springs Apt. 086
Smithfort, NH 45554"
2,100013,Daniel,Bell,"3745 George Orchard Suite 431
Port Jameschester, OH 10978"
3,100028,Shelly,Woodard,"PSC 4339, Box 1843
APO AP 88049"
4,100038,Mark,Moody,"PSC 4023, Box 8140
APO AA 13109"
5,100042,Sean,Smith,"188 Gonzalez Fords
Jeremyside, VT 05606"
6,100057,Kenneth,Mitchell,"193 Richard Path
West Jessica, ND 11170"
7,100065,Charles,Cole,"Unit 5919 Box 6154
DPO AP 48081"
8,100066,Melissa,Cross,"848 Jack Union
West Joshuachester, IL 37685"
9,100067,James,Barry,"02253 Alejandra Trail Apt. 263
Perkinsfurt, LA 96142"
10,100074,Ashley,Terrell,"3055 Morgan Course Suite 960
East Jamesberg, SC 86496"
11,100090,Brandon,Martin,"623 Burns Turnpike Apt. 711
Krystalhaven, FL 00944"
12,100091,Donna,White,"808 Nelson Crossing Apt. 514
South Julie, SD 19395"
13,100092,Sarah,Roy,"62807 Brandy Flat
North Jason, HI 10417"
14,100106,Margaret,Romero,"69449 Hill Camp
Lake Tamarabury, WY 05191"
15,100107,Ivan,Allen,"45098 Kathleen Parks
Nicholasside, IA 38468"
16,100109,Rebecca,Paul,"723 Lowe Gateway
West Michaelfurt, PR 09176"
17,100117,Anne,Allen,"9713 Byrd Road
Martinland, NJ 99495"
18,100128,Jocelyn,Black,"PSC 6610, Box 8738
APO AE 84542"
19,100141,Eric,Baxter,"4080 Durham Shoals Apt. 295
Justinberg, NY 71934"
